{"name":"123","description":"4123","date":"2022-08-24T14:09:25.1332953+08:00","robotTraj":"","objectInfo":[{"type":5,"name":"New Game Object","filename":"","position":"(20.00000000, 0.00000000, 0.00000000)","eulerAngles":"(0.00000000, 0.00000000, 0.00000000)","scale":"(1.00000000, 1.00000000, 1.00000000)","isRigidbody":false,"useGravity":false,"fixPositionX":false,"fixPositionY":false,"fixPositionZ":false,"fixRotationX":false,"fixRotationY":false,"fixRotationZ":false,"useTrajectory":true,"trajectoryText":""},{"type":5,"name":"New Game Object","filename":"","position":"(20.00000000, 0.00000000, 0.00000000)","eulerAngles":"(0.00000000, 0.00000000, 0.00000000)","scale":"(1.00000000, 1.00000000, 1.00000000)","isRigidbody":false,"useGravity":false,"fixPositionX":false,"fixPositionY":false,"fixPositionZ":false,"fixRotationX":false,"fixRotationY":false,"fixRotationZ":false,"useTrajectory":true,"trajectoryText":""}]}