{"root":[{"assemblyName":"Unity.XR.Management","nameSpace":"UnityEngine.XR.Management","className":"XRGeneralSettings","methodName":"AttemptInitializeXRSDKOnLoad","loadTypes":2,"isUnityClass":true},{"assemblyName":"Unity.XR.Management","nameSpace":"UnityEngine.XR.Management","className":"XRGeneralSettings","methodName":"AttemptStartXRSDKOnBeforeSplashScreen","loadTypes":3,"isUnityClass":true},{"assemblyName":"VuforiaScripts","nameSpace":"Vuforia.UnityRuntimeCompiled","className":"ARFoundationInitializer","methodName":"OnAfterAssembliesLoaded","loadTypes":2,"isUnityClass":false},{"assemblyName":"VuforiaScripts","nameSpace":"Vuforia.UnityRuntimeCompiled","className":"RuntimeOpenSourceInitializer","methodName":"OnRuntimeMethodLoad","loadTypes":1,"isUnityClass":false},{"assemblyName":"Vuforia.Unity.Engine","nameSpace":"Vuforia.Internal.Core","className":"OneTimeInitialization","methodName":"Initialize","loadTypes":1,"isUnityClass":false},{"assemblyName":"Vuforia.Unity.Engine","nameSpace":"Vuforia.Internal.Core","className":"OneTimeInitialization","methodName":"Initialize","loadTypes":1,"isUnityClass":false},{"assemblyName":"Vuforia.Unity.Engine","nameSpace":"Vuforia.Internal.Core","className":"OneTimeInitialization","methodName":"Initialize","loadTypes":1,"isUnityClass":false},{"assemblyName":"Vuforia.Unity.Engine","nameSpace":"Vuforia.Internal.Core","className":"OneTimeInitialization","methodName":"Initialize","loadTypes":1,"isUnityClass":false},{"assemblyName":"Vuforia.Unity.Engine","nameSpace":"Vuforia.Internal.Core","className":"OneTimeInitialization","methodName":"Initialize","loadTypes":1,"isUnityClass":false}]}
